,pdb_id,sequence,secondary_structure,len,helix%,strand%,coil%
0,1avf,AVVKVPLKKFKSIRETMKEKGLLGEF,CCCHHHHHHHHHHHHHHHHCCCCHHC,26,69.231,0,30.769
1,1bh4,CGESCVWIPCISAALGCSCKNKVCYRNGIP,CCCCEEEHHHHHHHHCCCCCCCEEECCCCC,30,26.667,20,53.333
2,1bk8,LCNERPSQTWSGNCGNTAHCDKQCQDWEKASHGACHKRENHWKCFCYFNC,CCCCCCCCCEEECCCCHHHHHHHHHHHHHHCCCCCCCCCCCEEEEEEECC,50,28,20,52
3,1bnb,APLSCGRNGGVCIPIRCPVPMRQIGTCFGRPVKCCRSW,CCCCCCCCCCEEEEEECCCCHHHHHHHHCCCHHHHHCC,38,34.211,15.789,50
4,1cix,YSRCQLQGFNCVVRSYGLPTIPCCRGLTCRSYFPGSTYGRCQRY,CCCEEECCCEEEEEECCCCCCCCCCCCEEEEECCCCCCCCEECC,44,0,36.364,63.636
5,1cw5,VNYGNGVSCSKTKCSVNWGQAFQERYTAGINSFVSGVASGAGSIGRRP,CCCCCCCCCCCCEEECCHHHHHHHHHHHHHHHHHHHHHHCCCCCCCCC,48,45.833,6.25,47.917
6,1cz6,RSVCRQIKICRRRGGCYYKCTNRPY,CCHHHHHHHHHHCCCEEEEECCCCC,25,40,20,40
7,1dfn,DCYCRIPACIAGERRYGTCIYQGRLWAFCC,CCEEECCCEECCCCEEEEEEECCEEEEEEC,30,0,60,40
8,1dkc,AGCIKNGGRCNASAGPPYCCSSYCFQIAGQSYGVCKNR,CCCCCCCCEECCCCCCCEECCCCHHHCCCCCCCEECCC,38,7.895,15.789,76.316
9,1dum,GIGKYLHSAKKFGKAWVGEIMNS,CHHHHHHHHHHHHHHHHHHHHHC,23,91.304,0,8.696
10,1e4q,PVTCLKSGAICHPVFCPRRYKQIGTCGLPGTKCCKKP,CCEEECCCCEEEEEECHHHHHHCCCCCCCCCHHHCCC,37,24.324,24.324,51.351
11,1f8p,YPSKPDNPGEDAPAEDLARYYSALRHYINLITRQRY,CCCCCCCCCCCCCHHHHHHHHHHHHHHHHHHHCCCC,36,52.778,0,47.222
12,1fjn,GFGCPNNYQCHRHCKSIPGRCGGYCGGWHRLRCTCYRCG,CCCCCCCCHHHHHHHHCCCCCCCCCCCCEEEEEEEEECC,39,20.513,23.077,56.41
13,1fry,RGLRRLGRKIAHGVKKYGPTVLRIIRIAG,CCHHHHHHHHHHHHHHHCCHHHHHHHHCC,29,79.31,0,20.69
14,1fvn,YPSKPDNPGEDAPAEDLARYYSALRHYINLAARQRY,CCCCCCCCCCCCCHHHHHHHHHHHHHHHHHHHCCCC,36,52.778,0,47.222
15,1i2u,DKLIGSCVWGAVNYTSDCNGECKRRGYKGGHCGSFANVNCWCET,CCEEEEEEECCCCCCCCCCHHHHHCCCCCCCCCCCCCCEEEECC,44,11.364,25,63.636
16,1i2v,DKLIGSCVWGAVNYTSDCNGECLLRGYKGGHCGSFANVNCWCET,CCEEEEEEECCCCCCCCCCHHHHHHCCCCCCCCCCCCCEEEECC,44,13.636,25,61.364
17,1ica,ATCDLLSGTGINHSACAAHCLLRGNRGGYCNGKGVCVCRN,CCCCCCCCCCCCHHHHHHHHHHCCCCCCCCCCCCEEEECC,40,25,10,65
18,1icy,YPSKPDNPGEDAPAEDLARYYSALRHYINLAPRQRY,CCCCCCCCCCCCCHHHHHHHHHHHHHHHHHHHCCCC,36,52.778,0,47.222
19,1iyc,ELPKLPDDKVLIRSRSNCPKGKVWNGFDCKSPFAFS,CCCCCCCCEEEEEECCCCCCCCCCCCCCCCCCCCCC,36,0,16.667,83.333
20,1jkz,KTCEHLADTYRGVCFTNASCDDHCKNKAHLISGTCHNWKCFCTQNC,CCHHHHHHHHCCCEECCCCHHHHCCCHHHHHCCEECCEEEEEECCC,46,36.957,21.739,41.304
21,1jmn,KSCCPNTTGRNIYNTCRFGGGSRQVCASLSGCKIISASTCPSDYPK,CCCCCCHHHHHHHHHCCCCCCCHHHHHHHCCCEEECCCCCCCCCCC,46,34.783,6.522,58.696
22,1jmp,KSCCPNTTGRNIYNTCRLGGGSRERCASLSGCKIISASTCPSDYPK,CCCCCCHHHHHHHHHCCCCCCCHHHHHHHCCCEEECCCCCCCCCCC,46,34.783,6.522,58.696
23,1kj6,GIINTLQKYYCRVRGGRCAVLSCLPKEEQIGKCSTRGRKCCRRKK,CHHHHHHHHHHHHCCCEEEEEEECCCHHHHHHHHHHHHHHHHHCC,45,64.444,15.556,20
24,1kv4,AKIPIKAIKTVGKAVGKGLRAINIASTANDVFNFLKPKKRKA,CCCCHHHHHHHHHHHHCCCHHEEECCCHHHHHHHHCCHHCCC,42,57.143,7.143,35.714
25,1l4v,ATCDLLSGTGINHSACAAHCLLRGNRGGYCNGKAVCVCRN,CCCCCCCCCCCCHHHHHHHHHHCCCCCCCCCCCCEEEECC,40,25,10,65
26,1lfc,FKCRRWQWRMKKLGAPSITCVRRAF,CCCCHHHHHHHHHCCCHHHHHHHHH,25,72,0,28
27,1lu8,GCLEFWWKCNPNDDKCCRPKLKCSKLFKLCNFSF,CCCEEEEEECCCCCCCCCCCCCHHHHHHHHCCCC,34,23.529,17.647,58.824
28,1lv4,SSMKLSFRARAYGFRGPGPQL,CCEEEEEEEEEECCCCCCCCC,21,0,47.619,52.381
29,1lyp,GLRKRLRKFRNKIKEKLKKIGQKIQGLLPKLA,CHHHHHHHHHHHHHHHHHHHHHHHHHHHHHHC,32,93.75,0,6.25
30,1m4e,ICIFCCGCCHRSKCGMCCKT,CEEEEECCCCCCCCCCEECC,20,0,35,65
31,1mm0,ACNFQSCWATCQAQHSIYFRRAFCDRSQCKCVFVRG,CCCHHHHHHHHHHHHHHHHHHHHCCCCEEEEEEECC,36,55.556,19.444,25
32,1mmc,VGECVRGRCPSGMCCSQFGYCGKGPKYCGR,CCCCCCCCCCCCCCHHCCCCCCCCCHHHCC,30,16.667,0,83.333
33,1myn,DCLSGRYKGPCAVWDNETCRRVCKEEGRSSGHCSPSLKCWCEGC,CCCCCCCCCEEEEECCHHHHHHHHHCCCCCCCCCCCCEEEECCC,44,20.455,20.455,59.091
34,1ohm,KYYGNGVHCGKHSCTVDWGTAIGCIGNNAAANWATGGNAGWNKC,CCCCCCEEECCCCEEEEECEEEEEEECCHHHHHCCCCCCCCCCC,44,11.364,34.091,54.545
35,1orx,VCGETCVGGTCNTPGCTCSWPVCT,CCCCCEECCCCCCCCCEEECCEEC,24,0,29.167,70.833
36,1ozz,DKLIGSCVWGAVNYTSNCNAECKRRGYKGGHCGSFANVNCWCET,CCEEEEEEECCCCCCCCCCHHHHHCCCCCCCCCCCCCCEEEECC,44,11.364,25,63.636
37,1p00,DKLIGSCVWGAVNYTSNCRAECKRRGYKGGHCGSFANVNCWCET,CCEEEEEEECCCCCCCCCCHHHHHCCCCCCCCCCCCCCEEEECC,44,11.364,25,63.636
38,1p0a,DKLIGSCVWGAVNYTSNCNAECKRRGYKGGHCGSFLNVNCWCET,CCEEEEEEEEEEECCCCCCHHHHHCCCCCCCCCCEEEEEEEECC,44,11.364,43.182,45.455
39,1p0g,AKKVFKRLEKLFSKIQNDK,CHHHHHHHHHHHHHHHCCC,19,78.947,0,21.053
40,1p0l,AKKVFKRLEKLFSKIWNDK,CHHHHHHHHHHHHHHHCCC,19,78.947,0,21.053
41,1p0o,AKKVFKRLEKLFSKIWNWK,CHHHHHHHHHHHHHHHCCC,19,78.947,0,21.053
42,1p5k,AKKVFKRLEKSFSKIQNDK,CHHHHHHHHHHHHHHHCCC,19,78.947,0,21.053
43,1p5l,AKKVSKRLEKLFSKIQNDK,CCHHHHHHHHHHHHHHCCC,19,73.684,0,26.316
44,1pxq,NKGCATCSIGAACLVDGPIPDFEIAGATGLFGLWG,CCCCEECCCCCEEEECCCCCCCEECCCCEEECCCC,35,0,31.429,68.571
45,1q3j,CIKNGNGCQPNGSQGNCCSGYCHKQPGWVAGYCRRK,CCCCCCCCCCCCCCCCEECCCCCCCCCEEEEEEECC,36,0,25,75
46,1ron,YPSKPDNPGEDAPAEDMARYYSALRHYINLITRQRY,CCCCCCCCCCCCCHHHHHHHHHHHHHHHHHHHCCCC,36,52.778,0,47.222
47,1s6w,GCRFCCNCCPNMSGCGVCCRF,CCEEECCCCCCCCCCEEEEEC,21,0,38.095,61.905
48,1ti5,RTCMIKKEGWGKCLIDTTCAHSCKNRGYIGGNCKGMTRTCYCLVNC,CCCEECCCCCCEEEEECHHHHHHHCCCCCCCEECCCEEEEEEEEEC,46,15.217,39.13,45.652
49,1tyk,GCLEFWWKCNPNDDKCCRPKLKCSKLFKLCNFSF,CCCEEEEEECCCCCCCCCCCCCHHHHHHHHCCCC,34,23.529,17.647,58.824
50,1tz4,YPSKPDNPGEDAPAEDLAQYAADLRHYINLITRQRY,CCCCCCCCCCCCCHHHHHHHHHHHHHHHHHHHCCCC,36,52.778,0,47.222
51,1u0i,EIAALEKEIAALEKEIAALEK,CHHHHHHHHHHHHHHHHHHHH,21,95.238,0,4.762
52,1ut3,SFGLCRLRRGFCARGRCRFPSIPIGRCSRFVQCCRRVW,CCCHHHHHHHHHCCCCCCCCCCCHHHHHHHHHHHHHHC,38,60.526,0,39.474
53,1vb8,CAESCVWIPCTVTALLGCSCSNKVCYNGIP,CCCCEEEEECHHHHHHCCCCCCCEECCCCC,30,20,23.333,56.667
54,1w9n,ASIVKTTIKAAKKLCRGFTLTCGCHFTGKK,CCHHHHHHHHHHHHCCCCEEEEEEEECCCC,30,40,26.667,33.333
55,1x22,GKIPVKAIKKAGAAIGKGLRAINIASTAHDVYSFFKPKHKKK,CCCCHHHHHHHHHHHHCCCHHEEECCCHHHHHHHHCHHHHCC,42,61.905,7.143,30.952
56,1xv3,HSSGYTRPLRKPSRPIFIRPIGCDVCYGIPSSTARLCCFRYGDCCHL,CCCCCCCCCCCCCCCEEEEECCCCEEECCCCCCCEEEEEEECCEECC,47,0,36.17,63.83
57,1ytr,KSSAYSLQMGATAIKQVKKLFKKWGW,CCCCHHHHHHHHHHHHHHHHHHHHCC,26,76.923,0,23.077
58,1z64,GWGSFFKKAAHVGKHVGKAALTHYL,CHHHHHHHHHHHHHHHHHHHHHHHH,25,96,0,4
59,1zmm,VCSCRLVFCRRTELRVGNCLIGGVSFTYCCTRV,CCEEEEEEEEECCCEEEEEEECCEEEEEEEEEC,33,0,75.758,24.242
60,1znt,VGECVRGRCPSGMCCSQFGFCGKGPKYCGR,CCCCCCCCCCCCCCHHCCCCCCCCCHHHCC,30,16.667,0,83.333
61,1zrx,RGFRKHFNKLVKKVKHTISETAHVAKDTAVIAGSGAAVVAAT,CCHHHHHHHHHHHHHHHHHHHHHHHHCCEEEECCCCEEEEEC,42,57.143,21.429,21.429
62,1zuv,VGECVRGRCPSGMCCSQWGYCGKGPKYCGR,CCCCCCCCCCCCCCHHCCCCCCCCCHHHCC,30,16.667,0,83.333
63,1zwu,VGECVRGRCPSGMCCSQAGYCGKGPKYCGR,CCCCCCCCCCCCEEHHCCCCCCCCCHHHCC,30,16.667,6.667,76.667
64,2a2b,ARSYGNGVYCNNKKCWVNRGEATQSIIGGMISGWASGLAGM,CCCCCCEEEECCCEEEEECCCCCCEEEEEEEECHHHHHCCC,41,12.195,41.463,46.341
65,2amn,RVKRVWPLVIRTVIAGYNLYRAIKKK,CCCHHHHHHHHHHHHHHHHHHHHHHH,26,88.462,0,11.538
66,2b5k,RRWCFRVCYRGRFCYRKCR,CCEEEEEEECCEEEEEECC,19,0,68.421,31.579
67,2b68,GFGCPGNQLKCNNHCKSISCRAGYCDAATLWLRCTCTDCNGKK,CCCCCCCEEEECCCCCEEEECCCCCCCEEEEEEEEEECCCCCC,43,0,41.86,58.14
68,2dcv,YVSCLFRGARCRVYSGRSCCFGYYCRRDFPGSIFGTCSRRNF,CEEEEEECCEEEEECCCCEEEEEEECCCCCCCEEEEEECCCC,42,0,57.143,42.857
69,2dcw,YITCLFRGARCRVYSGRSCCFGYYCRRDFPGSIFGTCSRRNF,CEEEEEECCEEEEECCCCEEEEEEECCCCCCCEEEEEECCCC,42,0,57.143,42.857
70,2dez,YPIKPEAPGEDASPEELNRYYASLRHYLNLVTRQRY,CCCCCCCCCCCCCHHHHHHHHHHHHHHHHHHHCCCC,36,52.778,0,47.222
71,2df0,IKPEAPGEDASPEELNRYYASLRHYLNLVTRQRY,CCCCCCCCCCCHHHHHHHHHHHHHHHHHHHCCCC,34,55.882,0,44.118
72,2e3g,ATCDLASKWNWNHTLCAAHCIARRYRGGYCNSKAVCVCRN,CCCCCCCCCCCCHHHHHHHHHHCCCCCCCCCCCCEEEECC,40,25,10,65
73,2eri,CGESCVFIPCISTLLGCSCKNKVCYRNGVIP,CCCCEEEHHHHHHHHCCCCCCCEEECCCCCC,31,25.806,19.355,54.839
74,2fcg,IGKEFKRIVQRIKDFLRNLVPRTES,CCHHHHHHHHHHHHHHHHHCCCCCC,25,68,0,32
75,2fqa,SAISCGETCFKFKCYTPRCSCSYPVCK,CCCCCCCEEEEEEECCCCCCCCCCEEC,27,0,33.333,66.667
76,2g9l,GILDTLKQFAKGVGKDLVKGAAQGVLSTVSCKLAKTC,CHHHHHHHHHHHHHHHHHHHHHHHHHHHHHHHHHCCC,37,89.189,0,10.811
77,2g9p,GLFGKLIKKFGRKAISYAVKKARGKH,CHHHHHHHHHHHHHHHHHHHHHHCCC,26,84.615,0,15.385
78,2gdl,LVQRGRFGRFLRKIRRFRPKVTITIQGSARF,CCCCCHHHHHHHHHHHCCCEEEEEEEECCCC,31,35.484,25.806,38.71
79,2gl1,KTCENLANTYRGPCFTTGSCDDHCKNKEHLRSGRCRDDFRCWCTRNC,CCHHHHHHHHCCCCCCCCCHHHHHCCHHHHHCCCCCCCEEEEEECCC,47,38.298,12.766,48.936
80,2hfr,KRFWPLVPVAINTVAAGINLYKAIRRK,CCCCCCHHHHHHHHHHHHHHHHHHHHH,27,77.778,0,22.222
81,2i2j,SGSLSTFFRLFNRSFTQALGK,CCHHHHHHHHHHHHHHHHHHC,21,85.714,0,14.286
82,2igr,KWKVFKKIEKKWKVFKKIEKAGPKWKVFKKIEK,CCHHHHHHHHHHHHHHHHHHCCCHHHHHHHHCC,33,78.788,0,21.212
83,2it8,GVCPKILKKCRRDSDCPGACICRGNGYCG,CCCHHHHHHHHCCCCCCCEEEECCCCCCC,29,27.586,13.793,58.621
84,2jpy,FLSLIPHAINAVSTLVHHF,CHHHHHHHHHHHHHHHHHH,19,94.737,0,5.263
85,2jq0,FLSLIPHAINAVSAIAKHN,CCHHHHHHHHHHHHHHHHC,19,84.211,0,15.789
86,2jq1,FLSLIPHAINAVSALANHG,CCHHHHHHHHHHHHHHHCC,19,78.947,0,21.053
87,2jr8,GKIPVKAIKQAGKVIGKGLRAINIAGTTHDVVSFFRPKKKKH,CCCCHHHHHHHHHHHHCCCHHEEECCCHHHHHHHHCCHHHCC,42,59.524,7.143,33.333
88,2jsb,RWCVYAYVRVRGVLVRYRRCW,CEEEEEEEEEEEEEEEEEEEE,21,0,95.238,4.762
89,2jwm,CGETCTLGTCYTQGCTCSWPICKRNGLPV,CCCEEEECEECCCCCEEECCCEECCCEEC,29,0,44.828,55.172
90,2k10,GILSSFKGVAKGVAKDLAGKLLETLKCKITGC,CHHHHHHHHHHHHHHHHHHHHHHHHHHHCCCC,32,84.375,0,15.625
91,2k1i,RRTCHCRSRCLRRESNSGSCNINGRIFSLCCR,CCCCHHHHHHHHHCCCCCCEEECCEEEEEEEC,32,28.125,31.25,40.625
92,2k38,GFGALFKFLAKKVAKTVAKQAAKQGAKYVVNKQME,CHHHHHHHHHHHHHHHHHHHHHHHHHHHHHHHCCC,35,88.571,0,11.429
93,2k7g,GVPICGETCTLGTCYTAGCSCSWPVCTRN,CCCCCCCEEECCCCCCCCCEEECCEEECC,29,0,31.034,68.966
94,2k98,GIGKFLKKAKKGIGAVLKVLTTGL,CHHHHHHHHHHHHHHHHHHHHHHC,24,91.667,0,8.333
95,2ket,GRFKRFRKKFKKLFKKLSPVIPLLHL,CCHHHHHHHHHHHHHHHHHHHHHHHH,26,92.308,0,7.692
96,2kj7,KCNTATCATQRLANFLVRSSNNLGPVLPPTNVGSNTY,CCCCHHHHHHHHHHHHHHCCCCCCCEECCCCCCCCCC,37,37.838,5.405,56.757
97,2kus,SGPNGQCGPGWGGCRGGLCCSQYGYCGSGPKYCAH,CCCCCCCCCCCCCCCCCCCCCCCCCCCCCCHHHCC,35,8.571,0,91.429
98,2kux,GTPCGESCVYIPCISGVIGCSCTDKVCYLN,CCCCCCCEEEEEECCCEECCEECCCEEECC,30,0,43.333,56.667
99,2l1q,MTPFWRGVSLRPIGASCRDDSECITRLCRKRRCSLSVAQE,CCCHHHHHCCCCCCHHHCCHHHHHHHHHHCCCCCCCCCCC,40,45,0,55
100,2l2r,GSGRGSCRSQCMRRHEDEPWRVQECVSQCRRRRGGGD,CCCHHHHHHHHHHHHCCCCHHHHHHHHHHHHHCCCCC,37,67.568,0,32.432
101,2l36,GIGKALKKAKKGIGAVLKVLTTGL,CHHHHHHHHHHHHHHHHHHHHHHC,24,91.667,0,8.333
102,2l3i,GIRCPKSWKCKAFKQRVLKRLLAMLRQHAF,CCCCCCCCHHHHHHHHHHHHHHHHHHHHCC,30,66.667,0,33.333
103,2l5r,GLKEIFKAGLGSLVKGIAAHVAS,CHHHHHHHHHHHHHHHHHHHHHC,23,91.304,0,8.696
104,2l96,KKLKLAPAKLALLWKALALKLKKA,CCCEECHHHHHHHHHHHHHHHHHC,24,70.833,8.333,20.833
105,2l99,KKLKLALAKPALLWKALALKLKKA,CCCEEEECCHHHHHHHHHHHHHHC,24,58.333,16.667,25
106,2l9a,KKLKLALAKLAPLWKALALKLKKA,CCHHHHHHHHHHHHHHHHHHHHHC,24,87.5,0,12.5
107,2la2,RWKIFKKIEKVGRNVRDGIIKAGPAVAVVGQAATVVK,CCCHHHHHHHHHHHHHHHHHHHCHHHHHHHHHHHHCC,37,83.784,0,16.216
108,2lam,GLPTCGETCTLGTCYVPDCSCSWPICMKN,CCCCCCCEEECCCCCCCCCEECCCEEECC,29,0,27.586,72.414
109,2lb7,AQRCGDQARGAKCPNCLCCGKYGFCGSGDAYCGAGSCQSQCRGC,CCCCCCCCCCCCCCCCCCCCCCCCCCCCHHHCCCCCCCCCCCCC,44,6.818,0,93.182
110,2lg4,AACSDRAHGHICESFKSFCKDSGRNGVKLRANCKKTCGLC,CCCCHHHHHHHHHHHHHHHHHCCCCCEEEEECCHHHHCCC,40,52.5,12.5,35
111,2lg5,LFCKGGSCHFGGCPSHLIKVGSCFGFRSCCKWPWNA,CCCCCCCCCCCCCHHHHHHHHHHCCCHHHHCCCCCC,36,38.889,0,61.111
112,2lg6,LFCKGGSCHFGGCPSHLIKVGSCFGFRSCCAWPWNA,CCCCCCCCCCCCCHHHHHHHHHCCCCCHHCCCCCCC,36,30.556,0,69.444
113,2lj7,KTCENLSDSFKGPCIPDGNCNKHCKEKEHLLSGRCRDDFRCWCTRNC,CCHHHHHHHHCCCCCCCCCHHHHHHHHHHHHCCCCCCCEEEEEECCC,47,42.553,12.766,44.681
114,2ljq,KYYGNGVHSTKSGSSVNWGEAFSAGVHRLANGGNGFW,CCCCCCEEECCCCCCCCHHHHHHHHHHHHCCCCCCCC,37,32.432,8.108,59.459
115,2ljt,KYYGNGVHLTKSGLSVNWGEAFSAGVHRLANGGNGFW,CCCCCCEEECCCCCEEEHHHHHHHHHHHHCCCCCCCC,37,32.432,16.216,51.351
116,2lld,ATCDLLSGTGVKHSACAAHCLLRGNRGGYCNGRAICVCRN,CCCCCCCCCCCCHHHHHHHHHHCCCCCCCCCCCCEEEECC,40,25,10,65
117,2lmf,LLGDFFRKSKEKIGKEFKRIVQR,CHHHHHHHHHHHHHHHHHHHHHH,23,95.652,0,4.348
118,2ln4,VTCDVLSFEAKGIAVNHSACALHCIALRKKGGSCQNGVCVCRN,CCEEEEEEECCCCCCCHHHHHHHHHHCCCCCCCCCCCEEEECC,43,23.256,25.581,51.163
119,2lnq,DAEFRHDSGYEVHHQKLVFFAENVGSNKGAIIGLMVGGVV,CCCCCCCCCCEEEEEEEEEEEHHCCCCCCEEEEEEECCCC,40,5,45,50
120,2lr3,RTCESQSHKFKGPCASDHNCASVCQTERFSGGRCRGFRRRCFCTTHC,CCCCCCCCCEEEEEECCCCHHHHHHHCCCCCCCEEEEEEEEEEECCC,47,14.894,36.17,48.936
121,2lr5,GFGCPFNENECHAHCLSIGRKFGFCAGPLRATCTCGKQ,CCCCCCCHHHHHHHHHHHHHHCCCCCCCHHHHEEECCC,38,47.368,7.895,44.737
122,2lr7,RKCNFLCKLKEKLRTVITSHIDKVLRPQG,CCCHHHHHHHHHHHHHHHHHHHHHHCCCC,29,75.862,0,24.138
123,2ls9,GWGSFFKKAAHVGKHVGKAALTHYL,CHHHHHHHHHHHHHHHHHHHHHHHH,25,96,0,4
124,2lsa,GIGKFLHSAKKFGKAFVGEIMNS,CHHHHHHHHHHHHHHHHHHHHHC,23,91.304,0,8.696
125,2lt8,GFGCPGDAYQCSEHCRALGGGRTGGYCAGPWYLGHPTCTCSF,CCCCCCCHHHHHHHHHHHCCCCCCCCCCCCCCCCCCEEEECC,42,26.19,9.524,64.286
126,2lxo,GIINTLQKYYCRVRGAICHPVFCPRRYKQIGTCGLPGTKCCKKP,CHHHHHHHHHHHHCCCEEEEEECCHHHHHHCCCCCCCCHHHCCC,44,47.727,13.636,38.636
127,2m6a,ADDRCERMCQRYHDRREKKQCMKGCRYG,CCHHHHHHHHHHHHHHHHHHHHHHHHCC,28,85.714,0,14.286
128,2m8v,ADRGWIKTLTKDCPNVISSICAGTIITACKNCA,CCHHHHHHHHHHHHHHHHHHHHHHHHHHHHCCC,33,84.848,0,15.152
129,2m9o,GLPVCGETCTLGTCYTQGCTCSWPICKRN,CCCCCCCEEECCCCCCCCCEEECCEEECC,29,0,31.034,68.966
130,2mag,GIGKFLHSAKKFGKAFVGEIMNS,CHHHHHHHHHHHHHHHHHHHHHC,23,91.304,0,8.696
131,2mbd,GLPRKILCAIAKKKGKCKGPLKLVCKC,CCCHHHHHHHHHCCCCCCCCEEEEEEC,27,33.333,22.222,44.444
132,2mdl,TCHIRRKPKFRKFKLYHEGKFWCP,CCCCCCCCCCEEEEEEECCCEECC,24,0,37.5,62.5
133,2mfs,CVLIGQRCDNDRGPRCCSGQGNCVPLPFLGGVCAV,CEEECCCCCCCCCCEEECCCCCEEECHHHCCEECC,35,8.571,31.429,60
134,2mhw,GIGGVLLSAGKAALKGLAKVLAEKYAN,CCCHHHHHHHHHHHHHHHHHHHHHHHC,27,85.185,0,14.815
135,2mij,GLGKAQCAALWLQCASGGTIGCGGGAVACQNYRQFCR,CCCHHHEEEEHEEECCCCCCCCCCCHHHHHHHHHHCC,37,37.838,18.919,43.243
136,2mmj,GLFGVLAKVAGHVVGAIAEHF,CHHHHHHHHHHHHHHHHHHHH,21,95.238,0,4.762
137,2mmm,GGLKKLGKKLEGAGKRVFKASEKALPVVVGIKAIGK,CHHHHHHHHHHHHHHHHHHHHHHCCCHHHHHHHHCC,36,83.333,0,16.667
138,2mmt,GGAGHVPEYFVRGDFPISFYG,CCCCCCCEEEECCCCEEEEEC,21,0,42.857,57.143
139,2mmw,GGAGHVPEYFVRGDTPISFYG,CCCCCCCEEEECCCCEEEEEC,21,0,42.857,57.143
140,2mn1,GLPVCGETCVGGTCNTPGCTCSWWPVCTRN,CCCCCCCCEECCCCCCCCCCCCCCCEECCC,30,0,13.333,86.667
141,2mvx,DAEFRHDSGYEVHHQKLVFFADVGSNKGAIIGLMVGGVV,CCCCCCCCCCEEEEEEEEEEEECCCCCCEEEEEEECCCC,39,0,48.718,51.282
142,2mwt,KRFKKFFKKVKKSVKKRLKKIFKKPMVIGVTIPF,CHHHHHHHHHHHHHHHHHHHHHHCCEEEEEECCC,34,64.706,17.647,17.647
143,2n1c,FEDLPNFGHIQVKVFNHGEHIHH,CCCCCCCCEEEEEEECCCCEEEC,23,0,43.478,56.522
144,2n1e,VKVKVKVKVPPTKVKVKVKV,CEEEEEEECCCCEEEEEEEE,20,0,75,25
145,2n30,FEDLPNFGHIQVKVFNHGEHIHH,CCCCCCCCEEEEEEECCCCEEEC,23,0,43.478,56.522
146,2n4k,KYYGNGVSCNKKGCSVDWGKAIGIIGNNAAANLTTGGKAGWKG,CCCCCCEEECCCCCEEEECEEEEEEECCHHHHHHCCCCCCCCC,43,13.953,32.558,53.488
147,2n92,SWLSKTAKKLENSAKKRISEGIAIAIQGGPR,CHHHHHHHHHHHHHHHHHHHCEEEEECCCCC,31,61.29,16.129,22.581
148,2na5,IKPEAPGEDASPEELNRYYASLRHYLNLVTRQRY,CCCCCCCCCCCHHHHHHHHHHHHHHHHHHHCCCC,34,55.882,0,44.118
149,2ncx,GLNALKKVFQGIHEAIKLINNHVQ,CHHHHHHHHHHHHHHHHHHHHHHC,24,91.667,0,8.333
150,2ncy,GLNALKKVFQPIHEAIKLINNHVQ,CHHHHHHHHHHHHHHHHHHHHHHC,24,91.667,0,8.333
151,2nlb,DHYACVSSGGQCLYSACPIFTKIQGTCYRGKAKCCK,CCEEEECCCCEEEEHHCCEEEEEEEEEEECCCCCCC,36,5.556,52.778,41.667
152,2nlc,DHYNCVSAGGQCLYSACPIFTKIQGTCYRGKAKCCK,CCCCEECCCCEEEEHHCCEEEEEEEEEEECCCCCCC,36,5.556,47.222,47.222
153,2nld,DHYNCVSSGGACLYSACPIFTKIQGTCYRGKAKCCK,CCCCCCCCCCEEEEECCCEEEEEEEEEEECCCCCCC,36,0,44.444,55.556
154,2nle,DHYNCVSSGGQCAYSACPIFTKIQGTCYRGKAKCCK,CCCCEECCCCEEEEECCCEEEEEEEEEEECCCCCCC,36,0,50,50
155,2nlf,DHYNCVSSGGQCEYSACPIFTKIQGTCYRGKAKCCK,CCCCEECCCCEEEECCCCEEEEEEEEEEECCCCCCC,36,0,47.222,52.778
156,2nlg,DHYNCVSSGGQCLYSACPIFTEIQGTCYRGKAKCCK,CCCCCCCCCCEEEEHHCCEEEEECCEEEECCCCCCC,36,5.556,36.111,58.333
157,2nlh,DHYNCVSSGGQCLYSACPIFTKIAGTCYRGKAKCCK,CCCCCCCCCCEEHHHHCHHHHHHCCCEECCCCCCCC,36,27.778,11.111,61.111
158,2nlp,DHYNCVSSGGQCLYSACPIFTKIEGTCYRGKAKCCK,CCCCEECCCCEEEEHHCCEEEEECCEEECCCCCCCC,36,5.556,38.889,55.556
159,2nlq,DHYNCVSSGGQCLYSACPIFTKIQGTCYRGAAKCCK,CCCCCCCCCCEEHHHHCCEEEEECCEEEECHHHHCC,36,22.222,30.556,47.222
160,2nls,DHYNCVSSGGQCLYSACPIFTKIQGTCYRGEAKCCK,CCCCEECCCCEEEEHHCCEEEEEEEEEEECCCCCCC,36,5.556,47.222,47.222
161,2ny8,ATCDLASGFGVGSSLCAAHCIARRYRGGYCNSKAVCVCRN,CCCCCCCCCCCCHHHHHHHHHHCCCCCCCCCCCCEEEECC,40,25,10,65
162,2nz3,ATCDLASIFNVNHALCAAHCIARRYRGGYCNSKAVCVCRN,CCCCCCCCCCCCHHHHHHHHHHCCCCCCCCCCCCEEEECC,40,25,10,65
163,2ojn,FFHHIFRPIVHVGKTIHRLVTG,CHHHHHHHHHHHHHHHHHHHHC,22,90.909,0,9.091
164,2ojo,FFHHIFRAIVHVAKTIHRLVTG,CHHHHHHHHHHHHHHHHHHHHC,22,90.909,0,9.091
165,2oon,YPAKPEAPGEDASAEELSRYYASLRHYLNLVTRQRY,CCCCCCCCCCCCCHHHHHHHHHHHHHHHHHHHCCCC,36,52.778,0,47.222
166,2oop,YPAKPEYPGEDASPEELSRYYASLRHYLNLVTRQRY,CCCCCCCCCCCCCHHHHHHHHHHHHHHHHHHHCCCC,36,52.778,0,47.222
167,2pco,SMWSGMWRRKLKKLRNALKKKLKGEK,CHHHHHHHHHHHHHHHHHHHHHCCCC,26,80.769,0,19.231
168,2plz,DHYNCVSSGGQCLYSACPIFTRIQGTCYRGRARCCR,CCCCCCCCCCEEEEHHCCEEEEEEEEEECCCCCCCC,36,5.556,38.889,55.556
169,2pm1,ACYCRIPACIAGEAAYGTCIYQGALWAFCC,CCEECCCHHCCCCCCEEEEEECCEEEEEEC,30,6.667,46.667,46.667
170,2pm4,DCYCRIPACIAGEKKYGTCIYQGKLWAFCC,CCEEECCCEECCCCCEEEEEECCEEEEEEC,30,0,56.667,43.333
171,2pm5,DCYCRIPACIAGEAAYGTCIYQGALWAFCC,CCEECCCHHCCCCCCEEEEEECCEEEEEEC,30,6.667,46.667,46.667
172,2po8,CPKILKKCRRDSDCPGACICRGNGYCGSGSDGGV,CCHHHHHHHCCCCCCCEEEECCCCCCCCCCCCCC,34,20.588,11.765,67.647
173,2pv6,ELDKWASLWNWFNITNWLWYIK,CCHHHHHHHHHHHHHHEEEEEE,22,63.636,27.273,9.091
174,2v9b,KSCCPNTTGRDIYNTCRLGGGSRERCASLSGCKIISASTCPSDYPK,CCCCCCHHHHHHHHEEEECCCCHHHHHHHCCCEEECCCCCCCCCCC,46,32.609,15.217,52.174
175,3c8p,KSCCPSTTGRNIYNTCRLTGSSRETCAKLSGCKIISASTCPSNYPK,CCCCCCHHHHHHCCEEEECCCCHHHHHHHCCCEEECCCCCCCCCCC,46,28.261,15.217,56.522
176,3e4h,CGETCTLGTCYTAGCSCSWPVCTRNGVPI,CCCEEECCCCCCCCCEEECCCEECCCEEC,29,0,34.483,65.517
177,3h6c,ACYCRIPACIAGERRYGTCIYAGRLWAFCC,CCEEECCCEECCCCCEEEEEEECEEEEEEC,30,0,60,40
178,3hj2,CGGACYCRIPACIAGERRYGTCIYQGRLWAFCC,CCCEEEECCCCEECCCCEEEEEEECCEEEEEEC,33,0,57.576,42.424
179,3lo1,ACYCRIPACIAGERRAGTCIYQGRLWAFCC,CCEEECCCEECCCCCCCEEEECCEEEEEEC,30,0,50,50
180,3lo2,ACYCRIPACIAGERRYGTCIAQGRLWAFCC,CCEEECCCCCCCCCCEEEEEECCEEEEEEC,30,0,50,50
181,3lo4,ACYCRIPACIAGERRYGTCIYQGALWAFCC,CCEECCCCEECCCCCEEEEEEECEEEEEEC,30,0,56.667,43.333
182,3loe,ACYCRIPACIAGERRYGTCIYQGRLWAACC,CCEEECCCEECCCCEEEEEEECCEEEEECC,30,0,56.667,43.333
183,3lvx,ACYCRAPACIAGERRYGTCIYQGRLWAFCC,CCCCCCCEECCCCCEEEEEEECCEEEEEEC,30,0,50,50
184,3ngg,KDRPKKPGLCPPRPQKPCVKECKNDDSCPGQQKCCNYGCKDECRDPIFVG,CCCCCCCCCCCCCCCCCCHHCCCCCCCCCCCCCCCCCCCCCCCCCCEECC,50,4,4,92
185,3psm,KTCENLADTFRGPCFTDGSCDDHCKNKEHLIKGRCRDDFRCWCTRNC,CCHHHHHHHHCCCCCCCCCHHHHCCCHHHHHCCCCCCCEEEEEECCC,47,36.17,12.766,51.064
186,4du0,ACYCRIPACIAGERRYATCIYQGRLWAFCC,CCEEECCCEECCCCEEEEEEECCEEEEEEC,30,0,60,40
187,4lb1,ACYCRIPACIAGERRAGTCIYQGRLWAACC,CCEEECCCCCCCCCCEEEEEECCEEEEEEC,30,0,50,50
188,4lb7,ACYCRIPACIAGERRAGTCAYQGRAWAACC,CCEECCCHHCCCCCCCEEEEECCEEEEECC,30,6.667,40,53.333
189,4lbb,ACYCRIPACIAGERRYGTCAYQGRLWAFCC,CCEEECCCEECCCCEEEEEEECCEEEEEEC,30,0,60,40
190,4lbf,ACYCRIPACIAGERRYGTCAYQGRAWAFCC,CCEEECCCCCCCCCCEEEEEECCEEEEEEC,30,0,50,50
191,4ozk,ACQCPDAISGWTHTDYQCHGLENKMYRHVYAICMNGTQVYCRTEWGSSC,CCCCCCCCCCCCCCCEEEECCCCHHHHHHEEEEECCCEEEEECCCCCCC,49,12.245,28.571,59.184
192,4ttn,GLPVCAETCVGGTCNTPGCTCSWPVCTRNG,CCCCCCCCEECCCCCCCCCEECCCEEECCC,30,0,23.333,76.667
193,4tto,GLPVCGETCVGGTCNTPGCTCSWPACTRNG,CCCCCCCCEECCCCCCCCCEECCCEEECCC,30,0,23.333,76.667
194,5cgo,GIGKFLHAAKKFGKAFVAEIMNS,CHHHHHHHHHHHHHHHHHHHHHC,23,91.304,0,8.696
195,5gwg,LRVRRTLQCSCRRVCRNTCSCIRLSRSTYAS,CCCHHHHHHHHHHHHHCCCCEEEECHHHCCC,31,51.613,12.903,35.484
196,5h2s,FIHHIIGGLFSAGKAIHRLIRRRRR,CHHHHHHHHHHHHHHHHHHHHHHHH,25,96,0,4
197,5j6t,IFGAIWPLALGALKNLIK,CCCHHHHHHHHHHHHHHH,18,83.333,0,16.667
198,5j6v,DIFGAIWPLALGALKNLIK,CHHHHHHHHHHHHHHHHHH,19,94.737,0,5.263
199,5j6w,KIFGAIWPLALGALKNLIK,CCHHHHHHHHHHHHHHHHH,19,89.474,0,10.526
200,5khb,MGIIAGIIKVIKSLIEQFTGK,CHHHHHHHHHHHHHHHHHHCC,21,85.714,0,14.286
201,5lcs,QPFIPRPIDTCRLRNGICFPGICRRPYYWIGTCNNGIGSCCARGWRS,CCCCCCCCHHHHHCCCEECCCCCCCCEEEEEECCCCHHHHHHHHCCC,47,27.66,17.021,55.319
202,5lm0,ADDRCYRMCQRYHDRREKKQCKEGCRYG,CCHHHHHHHHHHHHHHHHHHHHHHHHHC,28,89.286,0,10.714
203,5m9u,RWCVYAYRRVRGVLVRYRRCW,CCEEEEEHHHHHHEEEEEEEC,21,28.571,57.143,14.286
204,5nce,RMCKTPSGKFKGYCVNNTNCKNVCRTEGFPTGSCDFHVAGRKCYCYKPCP,CCCCCCCCCEEEEEECCCCHHHHHHHCCCCCCEECCCCCEEEEEEECCCC,50,14,30,56
205,5ujr,WGWKEVVQNGQTIFSAGQKLGNMVGKIVPLPFG,CCHHHHHHCCHHHHHHHHHHHHHHHHHCCCCCC,33,69.697,0,30.303
206,5ukz,KYYGNGVTCGKHSCSVDWGKATTCIINNGALAWATGGHQGNHKC,CCCCCCEECCCCCCEEECCCEEEEEEECCHHHHHCCCCCCCCCC,44,11.364,27.273,61.364
207,5v0y,GFCWYVCVYRNGVRVCYRRCN,CEEEEEEEEECCEEEEEEECC,21,0,76.19,23.81
208,5v11,GFCWYVCARRNGARVCYRRCN,CEEEEEEEECCCCEEEEEEEC,21,0,71.429,28.571
209,5wov,GGVCPKILQRCRRDSDCPGACICRGNGYCGSGSD,CCCCHHHHHHHHCCCCCCCEEEECCCCCCCCCCC,34,23.529,11.765,64.706
210,5wow,GGVCPKILQRCRRDSDCPGACICRGNGYCGYPYDVPDYA,CCCCHHHHHHHHCCCCCCCEEEECCCCCCCCCCCCCCCC,39,20.513,10.256,69.231
211,5x3l,GLGSVFGRLARILGRVIPKV,CHHHHHHHHHHHHHHHHHHC,20,90,0,10
212,5xa6,GFGCPFNQGKCHRHCRSIRRRGGYCDGFLKQRCVCYRK,CCCCCCCHHHHHHHHHHCCCCCHHHHHHHHEEEEEEEC,38,47.368,18.421,34.211
213,5xol,GSKKPVPIIYCNAATGKCQRM,CCCCCCEEEEECCCCCCEEEC,21,0,38.095,61.905
214,5y0h,GFAWNVCVYRNGVRVCHRRAN,CCEEEEEEEECCEEEEEEECC,21,0,71.429,28.571
215,5y0i,GFCWNVCVYRNGVRVCHRRCN,CCEEEEEEEECCHHHEEEECC,21,14.286,57.143,28.571
216,5y0j,AFCWNVCVYRNAVRVCHRRCN,CCEEEEEEHHHHHHHHHHHCC,21,52.381,28.571,19.048
217,5z1y,NLCASLRARHTIPQCRKFGRR,CHHHHHHHHHCCHHHHHHHHC,21,80.952,0,19.048
218,5zv6,AGECVRGRCPGGLCCSKFGFCGSGPAYCGG,CCCCCCCCCCCCEECCCCCCCCCCCHHHCC,30,10,6.667,83.333
219,6b55,ARECKTESNTFPGICITKPPCRKACISEKFTDGHCSKILRRCLCTKPC,CCCCCCCCCCCCCCCCCCCCHHHHHHHCCCCCCEEEEEEEEEEECCCC,48,14.583,22.917,62.5
220,6b9w,GSACQFWSCNSSCISRGYRQGYCWGIQYKYCQCQ,CCCCEEEECCHHHHCCCCCCCEEEEEEEEEEEEC,34,11.765,47.059,41.176
221,6bam,GSACQFWSCNSSCISRGYRQGKCWGIQYKYCQCQ,CCCCEEEEECHHHHHHHHHCCEEEEEEEEEEEEC,34,26.471,50,23.529
222,6bb6,GMACQFWSCNSSCISRGYRQGKCWGIQYKYCQCY,CCCEEEEECCHHHHHHHHHCCEEEEEEEEEEEEC,34,26.471,50,23.529
223,6bi5,GMACQFWSCNSSCISRGYRQGKCWGKYCQCY,CCCEEEEECCHHHHHHHHHCCCHHHHHEECC,31,45.161,22.581,32.258
224,6c41,VFQFLGKIIHHVGNFVHGFSHVF,CHHHHHHHHHHHHHHHHHHHHHH,23,95.652,0,4.348
225,6cl3,IWLTALKFLGKNLGKLAKQQLAKL,CHHHHHHHHHHHHHHHHHHHHHHH,24,95.833,0,4.167
226,6dhr,GLPICGETCLLGKCYTPGCSCRRPVCYKNG,CCCCCCCEEECCCCCCCCCEECCCEEECCC,30,0,26.667,73.333
227,6dmm,VCSCRLVFCRRTELRVGNCLIGAVSFTYCCTRV,CCEEEEEEEEECCCEECEEEEEEEEEEEEEEEC,33,0,78.788,21.212
228,6dmq,VCSCRLVFCRRTELRVGNCLIGGVSFAYCCTRV,CCEEEEEEEEECCCEEEEEEECCEEEEEEEEEC,33,0,75.758,24.242
229,6dmz,RTCQSQSHRFRGPCLRRSNCANVCRTEGFPGGRCRGFRRRCFCTTHC,CCCCCCCCCEEEEEECCCCHHHHHHHCCCCCCEEEEEEEEEEECCCC,47,14.894,36.17,48.936
230,6dst,GIGAVLKVLTTGLPALISWIKRKRQQ,CHHHHHHHHHHCHHHHHHHHHHHHHH,26,92.308,0,7.692
231,6duu,FLPIIINLKALAALAKKIL,CCCEEEEHHHHHHHHHHHH,19,63.158,21.053,15.789
232,6e3y,ACDTATCVTHRLAGLLSRSGGVVKNNFVPTNVGSKAF,CCCHHHHHHHHHHHHHHHCCCHHHCCCCCCCCCCCCC,37,48.649,0,51.351
233,6fs4,TKLTEEEKNRLNFLKKISQRYQKFALPQYLK,CCCCHHHHHHHHHHHHHHHHHHHCCHHHHCC,31,74.194,0,25.806
234,6hz2,GIGGKILSGLKTALKGAAKELASTYLH,CCHHHHHHHHHHHHHHHHHHHHHHHHH,27,92.593,0,7.407
235,6k50,GFGCNGPWNEDDLRCHNHCKSIKGYKGGYCAKGGFVCKCY,CCCCCCCCCHHHHHHHHHHHHCCCCCCCEECCCCEEEEEC,40,30,17.5,52.5
236,6k51,GFGCNGPWQEDDLKCHNHCKSIKGYKGGYCAKGGFVCKCY,CCCCCCCCCCCHHHHHHHHHHCCCCCCCEECCCCEEEEEC,40,25,17.5,57.5
237,6kra,RRTCRCRFGRCFRRESYSGSCNINGRIFSLCCR,CCEEEECCCEEEECCCCCEEEEECCEEEEEEEC,33,0,60.606,39.394
238,6lwy,ACQCPDAISGWTHTDYQCHGLEKKMYRHVYAICMNGSQVYCRTEWGSSC,CCCCCCCCCCCCCCCEEECCHHHHHHHHHHHEEECCCEEEEECCCCCCC,49,22.449,22.449,55.102
239,6mry,ARQCKAESNTFTGICIAKPPCRQACIREKFTDGHCSKVLRRCLCTKRC,CCCCCCCCCCCCCCCCCCCCHHHHHHHCCCCCCEEEEEEEEEEECCCC,48,14.583,22.917,62.5
240,6nom,KTCENLSGTFKGPCIPDGNCNKHCRNNEHLLSGRCRDDFRCWCTNRC,CCHHHHHHCCCCCCCCCCCHHHHHCCCHHEECCCCCCCEEEEEECCC,47,27.66,17.021,55.319
241,6o8j,AGKETIRQYLKNEIKKKGRKAVIAW,CCHHHHHHHHHHHHHHHCCEEEEEE,25,60,24,16
242,6o8p,AGKEKIRKKLKNEIKKKGRKAVIAW,CCHHHHHHHHHHHHHHHCHHEEEEE,25,68,20,12
243,6o8r,AWKEKIRKKLKNEIKKKGRKAVIAW,CHHHHHHHHHHHHHHHHCHHEEEEE,25,72,20,8
244,6o8s,AGKEKIRKKLKNEIKKKWRKAVIAW,CCHHHHHHHHHHHHHHHHHHHHHHH,25,92,0,8
245,6o8t,AWKEKIRKKLKNEIKKKWRKAVIAW,CHHHHHHHHHHHHHHHHHHHHHHHH,25,96,0,4
246,6r2x,FETLRGDERILSILRHQNLLKELQD,CCCCHHHHHHHHHHHHHHHHHHHHH,25,84,0,16
247,6rsf,GWGSFFRRAAHVGRHVGRAALTHYL,CHHHHHHHHHHHHHHHHHHHHHHHH,25,96,0,4
248,6rsg,GWGSFFKKAAHAGKHAGKAALTHYL,CHHHHHHHHHHHHHHHHHHHHHHHH,25,96,0,4
249,6ry9,GRRKRKWLRRIGKGVKIIGGAALDHL,CCHHHHHHHHHCCHHHHHHHHHHHHC,26,80.769,0,19.231
250,6ryq,WLRRIGKGVKIIGGAALDHL,CHHHHCCCCEEEECHHHHHC,20,45,20,35
251,6rz1,FLGALIKGAIHGGRFIHGMIQNHH,CHHHHHHHHHHHHHHHHHHHHCCC,24,83.333,0,16.667
252,6rzc,GWGSIFKHGRHAAKHIGHAAVNHYL,CHHHHHHHHHHHHHHHHHHHHHHHH,25,96,0,4
253,6s2d,GKGRWLERIGKAGFIIIGGALDHL,CCCHHHHHHCCCCEEEEEHHHHHC,24,45.833,20.833,33.333
254,6vpn,KTCENLADTYKGPCFTTGSCDDHCKNKEHLRSGRCRDDFRCWCTKNC,CCHHHHHHHHCCCCCCCCCHHHHHCCHHHHHCCCCCCCEEEEEECCC,47,38.298,12.766,48.936
255,6wpo,GIGDILKNLAKAAGKAALHAVGESL,CHHHHHHHHHHHHHHHHHHHHHHHH,25,96,0,4
256,7c2p,RTCESQSHKFKGPCLRASNCANVCKTEGFHGGKCRGFRRRCFCTKHC,CCCCCCCCCEEEECCCCHHHHHHHHHCCCCCCCEEEEEEEEEEECCC,47,19.149,31.915,48.936
257,7c31,RVCESQSHKFEGACMGDHNCALVCRNEGFSGGKCKGLRRRCFCTKLC,CCCCCCCCCEEEECCCCCCHHHHHHHCCCCCCEEEEEEEEEEEECCC,47,14.894,34.043,51.064
258,7k7x,GLPVCGETCVGGTCNTPGCVCSWPVCTRN,CCCCCCCCEECCCCCCCCCEEECCEEECC,29,0,27.586,72.414
259,7kpd,AIPCGESCVYIPCISVVIGCSCRNKVCYR,CCCCCCCEEEEEEEHEEECCCCCCCEEEC,29,3.448,44.828,51.724
260,7ns1,MITISTMLQFGLFLIALIGLVIKLIELSNKK,CHHHHHHHHHHHHHHHHHHHHHHHHHHHCCC,31,87.097,0,12.903